"file","format","bytes","width","height","viewBox","id","name","family","use","context","states"
"tantre-assets/README.md","md","6956","","","","","","Recurso de proyecto","","",""
"tantre-assets/design-source/photo-selects/LEEME.txt","txt","192","","","","","","Recurso de proyecto","","",""
"tantre-assets/design-source/svg-masters/brand-pwa-icon.svg","svg","2012","512","512","0 0 512 512","","","Recurso de proyecto","","",""
"tantre-assets/design-source/svg-masters/cafe-agua.svg","svg","1202","512","512","0 0 512 512","","","Recurso de proyecto","","",""
"tantre-assets/design-source/svg-masters/cafe-bebida-temporada.svg","svg","2380","512","512","0 0 512 512","","","Recurso de proyecto","","",""
"tantre-assets/design-source/svg-masters/cafe-cold-brew.svg","svg","2312","512","512","0 0 512 512","","","Recurso de proyecto","","",""
"tantre-assets/design-source/svg-masters/cafe-croissant.svg","svg","2164","512","512","0 0 512 512","","","Recurso de proyecto","","",""
"tantre-assets/design-source/svg-masters/cafe-espresso.svg","svg","2841","512","512","0 0 512 512","","","Recurso de proyecto","","",""
"tantre-assets/design-source/svg-masters/cafe-galleta.svg","svg","2496","512","512","0 0 512 512","","","Recurso de proyecto","","",""
"tantre-assets/design-source/svg-masters/cafe-latte.svg","svg","2693","512","512","0 0 512 512","","","Recurso de proyecto","","",""
"tantre-assets/design-source/svg-masters/cafe-matcha.svg","svg","2155","512","512","0 0 512 512","","","Recurso de proyecto","","",""
"tantre-assets/design-source/svg-masters/cafe-pan.svg","svg","3028","512","512","0 0 512 512","","","Recurso de proyecto","","",""
"tantre-assets/design-source/svg-masters/cafe-plato-snack.svg","svg","3242","512","512","0 0 512 512","","","Recurso de proyecto","","",""
"tantre-assets/design-source/svg-masters/ceramic-bowl-mask.svg","svg","1006","512","512","0 0 512 512","","","PAINT / máscara","","",""
"tantre-assets/design-source/svg-masters/ceramic-bowl.svg","svg","2277","512","512","0 0 512 512","","","Recurso de proyecto","","",""
"tantre-assets/design-source/svg-masters/ceramic-candelero-mask.svg","svg","1089","512","512","0 0 512 512","","","PAINT / máscara","","",""
"tantre-assets/design-source/svg-masters/ceramic-candelero.svg","svg","2217","512","512","0 0 512 512","","","Recurso de proyecto","","",""
"tantre-assets/design-source/svg-masters/ceramic-charola-oval-mask.svg","svg","1510","512","512","0 0 512 512","","","PAINT / máscara","","",""
"tantre-assets/design-source/svg-masters/ceramic-charola-oval.svg","svg","2134","512","512","0 0 512 512","","","Recurso de proyecto","","",""
"tantre-assets/design-source/svg-masters/ceramic-figura-mask.svg","svg","1169","512","512","0 0 512 512","","","PAINT / máscara","","",""
"tantre-assets/design-source/svg-masters/ceramic-figura.svg","svg","3995","512","512","0 0 512 512","","","Recurso de proyecto","","",""
"tantre-assets/design-source/svg-masters/ceramic-florero-mask.svg","svg","998","512","512","0 0 512 512","","","PAINT / máscara","","",""
"tantre-assets/design-source/svg-masters/ceramic-florero.svg","svg","1669","512","512","0 0 512 512","","","Recurso de proyecto","","",""
"tantre-assets/design-source/svg-masters/ceramic-maceta-mask.svg","svg","914","512","512","0 0 512 512","","","PAINT / máscara","","",""
"tantre-assets/design-source/svg-masters/ceramic-maceta.svg","svg","1878","512","512","0 0 512 512","","","Recurso de proyecto","","",""
"tantre-assets/design-source/svg-masters/ceramic-platito-corazon-mask.svg","svg","1302","512","512","0 0 512 512","","","PAINT / máscara","","",""
"tantre-assets/design-source/svg-masters/ceramic-platito-corazon.svg","svg","1486","512","512","0 0 512 512","","","Recurso de proyecto","","",""
"tantre-assets/design-source/svg-masters/ceramic-plato-llano-mask.svg","svg","1505","512","512","0 0 512 512","","","PAINT / máscara","","",""
"tantre-assets/design-source/svg-masters/ceramic-plato-llano.svg","svg","2372","512","512","0 0 512 512","","","Recurso de proyecto","","",""
"tantre-assets/design-source/svg-masters/ceramic-taza-cappuccino-mask.svg","svg","1227","512","512","0 0 512 512","","","PAINT / máscara","","",""
"tantre-assets/design-source/svg-masters/ceramic-taza-cappuccino.svg","svg","2404","512","512","0 0 512 512","","","Recurso de proyecto","","",""
"tantre-assets/design-source/svg-masters/ceramic-taza-clasica-mask.svg","svg","1225","512","512","0 0 512 512","","","PAINT / máscara","","",""
"tantre-assets/design-source/svg-masters/ceramic-taza-clasica.svg","svg","2844","512","512","0 0 512 512","","","Recurso de proyecto","","",""
"tantre-assets/design-source/svg-masters/doodle-circulo-marcador.svg","svg","818","256","256","0 0 256 256","","","Recurso de proyecto","","",""
"tantre-assets/design-source/svg-masters/doodle-corazon.svg","svg","483","256","256","0 0 256 256","","","Recurso de proyecto","","",""
"tantre-assets/design-source/svg-masters/doodle-flecha-larga.svg","svg","671","256","256","0 0 256 256","","","Recurso de proyecto","","",""
"tantre-assets/design-source/svg-masters/doodle-mini-estrella.svg","svg","665","256","256","0 0 256 256","","","Recurso de proyecto","","",""
"tantre-assets/design-source/svg-masters/doodle-mini-flor.svg","svg","3441","256","256","0 0 256 256","","","Recurso de proyecto","","",""
"tantre-assets/design-source/svg-masters/doodle-spark-3-lineas.svg","svg","547","256","256","0 0 256 256","","","Recurso de proyecto","","",""
"tantre-assets/design-source/svg-masters/doodle-spark-4.svg","svg","590","256","256","0 0 256 256","","","Recurso de proyecto","","",""
"tantre-assets/design-source/svg-masters/doodle-subrayado.svg","svg","438","256","256","0 0 256 256","","","Recurso de proyecto","","",""
"tantre-assets/design-source/svg-masters/illus-cafe-pausa.svg","svg","3992","800","800","0 0 800 800","","","Recurso de proyecto","","",""
"tantre-assets/design-source/svg-masters/illus-horno-pieza.svg","svg","6125","800","800","0 0 800 800","","","Recurso de proyecto","","",""
"tantre-assets/design-source/svg-masters/illus-mejor-juntos.svg","svg","9331","800","800","0 0 800 800","","","Recurso de proyecto","","",""
"tantre-assets/design-source/svg-masters/illus-mesa-creacion.svg","svg","8925","800","800","0 0 800 800","","","Recurso de proyecto","","",""
"tantre-assets/design-source/svg-masters/illus-og-template.svg","svg","3395","1200","630","0 0 1200 630","","","Recurso de proyecto","","",""
"tantre-assets/design-source/svg-masters/illus-qr-devices.svg","svg","2651","900","700","0 0 900 700","","","Recurso de proyecto","","",""
"tantre-assets/design-source/svg-masters/illus-qr-frame-dark.svg","svg","2997","640","640","0 0 640 640","","","Recurso de proyecto","","",""
"tantre-assets/design-source/svg-masters/illus-qr-frame-light.svg","svg","2989","640","640","0 0 640 640","","","Recurso de proyecto","","",""
"tantre-assets/design-source/svg-masters/illus-qr-phone.svg","svg","1656","900","700","0 0 900 700","","","Recurso de proyecto","","",""
"tantre-assets/design-source/svg-masters/illus-qr-scan-gesto.svg","svg","3729","900","700","0 0 900 700","","","Recurso de proyecto","","",""
"tantre-assets/design-source/svg-masters/illus-qr-share-card.svg","svg","4867","1080","1350","0 0 1080 1350","","","Recurso de proyecto","","",""
"tantre-assets/design-source/svg-masters/illus-qr-tablet.svg","svg","1167","900","700","0 0 900 700","","","Recurso de proyecto","","",""
"tantre-assets/design-source/svg-masters/illus-recoger-recuerdo.svg","svg","3994","800","800","0 0 800 800","","","Recurso de proyecto","","",""
"tantre-assets/design-source/svg-masters/illus-visitamos.svg","svg","3353","800","800","0 0 800 800","","","Recurso de proyecto","","",""
"tantre-assets/design-source/svg-masters/line-01-garabato.svg","svg","444","320","320","0 0 320 320","","","Recurso de proyecto","","",""
"tantre-assets/design-source/svg-masters/line-02-punto.svg","svg","768","320","320","0 0 320 320","","","Recurso de proyecto","","",""
"tantre-assets/design-source/svg-masters/line-03-flecha-curva.svg","svg","807","320","320","0 0 320 320","","","Recurso de proyecto","","",""
"tantre-assets/design-source/svg-masters/line-04-taza.svg","svg","1565","320","320","0 0 320 320","","","Recurso de proyecto","","",""
"tantre-assets/design-source/svg-masters/line-05-vapor.svg","svg","795","320","320","0 0 320 320","","","Recurso de proyecto","","",""
"tantre-assets/design-source/svg-masters/line-06-pincel.svg","svg","1619","320","320","0 0 320 320","","","Recurso de proyecto","","",""
"tantre-assets/design-source/svg-masters/line-07-pincelada.svg","svg","930","320","320","0 0 320 320","","","Recurso de proyecto","","",""
"tantre-assets/design-source/svg-masters/line-08-plato.svg","svg","1637","320","320","0 0 320 320","","","Recurso de proyecto","","",""
"tantre-assets/design-source/svg-masters/line-09-flor.svg","svg","3474","320","320","0 0 320 320","","","Recurso de proyecto","","",""
"tantre-assets/design-source/svg-masters/line-10-estrella.svg","svg","671","320","320","0 0 320 320","","","Recurso de proyecto","","",""
"tantre-assets/design-source/svg-masters/line-11-corazon.svg","svg","393","320","320","0 0 320 320","","","Recurso de proyecto","","",""
"tantre-assets/design-source/svg-masters/line-12-dos-manos.svg","svg","3112","320","320","0 0 320 320","","","Recurso de proyecto","","",""
"tantre-assets/design-source/svg-masters/line-13-camino.svg","svg","576","320","320","0 0 320 320","","","Recurso de proyecto","","",""
"tantre-assets/design-source/svg-masters/line-14-check.svg","svg","292","320","320","0 0 320 320","","","Recurso de proyecto","","",""
"tantre-assets/design-source/svg-masters/mask-paint-01.svg","svg","1051","1024","1024","0 0 1024 1024","","","PAINT / máscara","","",""
"tantre-assets/design-source/svg-masters/mask-paint-02.svg","svg","1107","1024","1024","0 0 1024 1024","","","PAINT / máscara","","",""
"tantre-assets/design-source/svg-masters/mask-paint-03.svg","svg","1353","1024","1024","0 0 1024 1024","","","PAINT / máscara","","",""
"tantre-assets/design-source/svg-masters/mask-paint-04.svg","svg","929","1024","1024","0 0 1024 1024","","","PAINT / máscara","","",""
"tantre-assets/design-source/svg-masters/mask-paint-05.svg","svg","1176","1024","1024","0 0 1024 1024","","","PAINT / máscara","","",""
"tantre-assets/design-source/svg-masters/mask-paint-06.svg","svg","766","1024","1024","0 0 1024 1024","","","PAINT / máscara","","",""
"tantre-assets/design-source/svg-masters/proc-01-elegir.svg","svg","3517","800","800","0 0 800 800","","","Recurso de proyecto","","",""
"tantre-assets/design-source/svg-masters/proc-02-pintar.svg","svg","4168","800","800","0 0 800 800","","","Recurso de proyecto","","",""
"tantre-assets/design-source/svg-masters/proc-03-horno.svg","svg","3669","800","800","0 0 800 800","","","Recurso de proyecto","","",""
"tantre-assets/design-source/svg-masters/proc-04-esmaltado.svg","svg","1965","800","800","0 0 800 800","","","Recurso de proyecto","","",""
"tantre-assets/design-source/svg-masters/proc-05-esperar.svg","svg","2448","800","800","0 0 800 800","","","Recurso de proyecto","","",""
"tantre-assets/design-source/svg-masters/proc-06-recoger.svg","svg","3359","800","800","0 0 800 800","","","Recurso de proyecto","","",""
"tantre-assets/design-source/svg-masters/state-empty-favoritos.svg","svg","2090","320","320","0 0 320 320","","","Recurso de proyecto","","",""
"tantre-assets/design-source/svg-masters/state-error-compact.svg","svg","380","24","24","0 0 24 24","","","Recurso de proyecto","","",""
"tantre-assets/design-source/svg-masters/state-error.svg","svg","424","320","320","0 0 320 320","","","Recurso de proyecto","","",""
"tantre-assets/design-source/svg-masters/state-loading-loop.svg","svg","954","320","320","0 0 320 320","","","Recurso de proyecto","","",""
"tantre-assets/design-source/svg-masters/state-loading-static.svg","svg","967","320","320","0 0 320 320","","","Recurso de proyecto","","",""
"tantre-assets/design-source/svg-masters/state-menu-dot-focus.svg","svg","1433","320","320","0 0 320 320","","","Recurso de proyecto","","",""
"tantre-assets/design-source/svg-masters/state-menu-dot-idle.svg","svg","720","320","320","0 0 320 320","","","Recurso de proyecto","","",""
"tantre-assets/design-source/svg-masters/state-menu-dot-open.svg","svg","1342","320","320","0 0 320 320","","","Recurso de proyecto","","",""
"tantre-assets/design-source/svg-masters/state-offline.svg","svg","2184","320","320","0 0 320 320","","","Recurso de proyecto","","",""
"tantre-assets/design-source/svg-masters/state-sin-resultados.svg","svg","1632","320","320","0 0 320 320","","","Recurso de proyecto","","",""
"tantre-assets/design-source/svg-masters/state-success-compact.svg","svg","323","24","24","0 0 24 24","","","Recurso de proyecto","","",""
"tantre-assets/design-source/svg-masters/state-success.svg","svg","790","320","320","0 0 320 320","","","Recurso de proyecto","","",""
"tantre-assets/design-source/svg-masters/type-elige.svg","svg","3200","710","340","0 0 710 340","","","Recurso de proyecto","","",""
"tantre-assets/design-source/svg-masters/type-empieza-aqui.svg","svg","6798","1736","340","0 0 1736 340","","","Recurso de proyecto","","",""
"tantre-assets/design-source/svg-masters/type-hazlo-tuyo.svg","svg","4623","1460","340","0 0 1460 340","","","Recurso de proyecto","","",""
"tantre-assets/design-source/svg-masters/type-mejor-juntos.svg","svg","6622","1704","340","0 0 1704 340","","","Recurso de proyecto","","",""
"tantre-assets/design-source/svg-masters/type-pinta.svg","svg","2878","768","340","0 0 768 340","","","Recurso de proyecto","","",""
"tantre-assets/design-source/svg-masters/ui-back.svg","svg","546","64","64","0 0 64 64","","","Recurso de proyecto","","",""
"tantre-assets/design-source/svg-masters/ui-calendar.svg","svg","1588","64","64","0 0 64 64","","","Recurso de proyecto","","",""
"tantre-assets/design-source/svg-masters/ui-celebrate.svg","svg","2247","64","64","0 0 64 64","","","Recurso de proyecto","","",""
"tantre-assets/design-source/svg-masters/ui-clock.svg","svg","972","64","64","0 0 64 64","","","Recurso de proyecto","","",""
"tantre-assets/design-source/svg-masters/ui-close.svg","svg","537","64","64","0 0 64 64","","","Recurso de proyecto","","",""
"tantre-assets/design-source/svg-masters/ui-email.svg","svg","757","64","64","0 0 64 64","","","Recurso de proyecto","","",""
"tantre-assets/design-source/svg-masters/ui-favorite-disabled.svg","svg","523","64","64","0 0 64 64","","","Recurso de proyecto","","",""
"tantre-assets/design-source/svg-masters/ui-favorite-filled.svg","svg","420","64","64","0 0 64 64","","","Recurso de proyecto","","",""
"tantre-assets/design-source/svg-masters/ui-favorite-outline.svg","svg","507","64","64","0 0 64 64","","","Recurso de proyecto","","",""
"tantre-assets/design-source/svg-masters/ui-filter.svg","svg","1931","64","64","0 0 64 64","","","Recurso de proyecto","","",""
"tantre-assets/design-source/svg-masters/ui-forward.svg","svg","545","64","64","0 0 64 64","","","Recurso de proyecto","","",""
"tantre-assets/design-source/svg-masters/ui-parking.svg","svg","748","64","64","0 0 64 64","","","Recurso de proyecto","","",""
"tantre-assets/design-source/svg-masters/ui-people.svg","svg","1748","64","64","0 0 64 64","","","Recurso de proyecto","","",""
"tantre-assets/design-source/svg-masters/ui-phone.svg","svg","439","64","64","0 0 64 64","","","Recurso de proyecto","","",""
"tantre-assets/design-source/svg-masters/ui-pin.svg","svg","861","64","64","0 0 64 64","","","Recurso de proyecto","","",""
"tantre-assets/design-source/svg-masters/ui-search.svg","svg","853","64","64","0 0 64 64","","","Recurso de proyecto","","",""
"tantre-assets/design-source/svg-masters/ui-share.svg","svg","1900","64","64","0 0 64 64","","","Recurso de proyecto","","",""
"tantre-assets/design-source/svg-masters/ui-sort.svg","svg","906","64","64","0 0 64 64","","","Recurso de proyecto","","",""
"tantre-assets/design-source/svg-masters/ui-sound-muted.svg","svg","632","64","64","0 0 64 64","","","Recurso de proyecto","","",""
"tantre-assets/design-source/svg-masters/ui-sound-on.svg","svg","838","64","64","0 0 64 64","","","Recurso de proyecto","","",""
"tantre-assets/preview/sheet-00-calibradores.png","png","71324","912","720","","","","Hoja de revisión","","",""
"tantre-assets/preview/sheet-cafe.png","png","76254","1326","560","","","","Hoja de revisión","","",""
"tantre-assets/preview/sheet-ceramics.png","png","137676","1326","1028","","","","Cerámica","","",""
"tantre-assets/preview/sheet-contraste-pink.png","png","35993","1208","346","","","","Hoja de revisión","","",""
"tantre-assets/preview/sheet-doodles.png","png","52050","1326","560","","","","Hoja de revisión","","",""
"tantre-assets/preview/sheet-illustrations.png","png","63975","1326","326","","","","Hoja de revisión","","",""
"tantre-assets/preview/sheet-lettering.png","png","23067","1326","326","","","","Hoja de revisión","","",""
"tantre-assets/preview/sheet-living-line.png","png","89191","1326","794","","","","Living Line","","",""
"tantre-assets/preview/sheet-logo.png","png","27000","1326","326","","","","Hoja de revisión","","",""
"tantre-assets/preview/sheet-masks.png","png","24644","1326","326","","","","PAINT / máscara","","",""
"tantre-assets/preview/sheet-process.png","png","43342","1326","326","","","","Hoja de revisión","","",""
"tantre-assets/preview/sheet-qr-gate.png","png","32425","1326","326","","","","Hoja de revisión","","",""
"tantre-assets/preview/sheet-states.png","png","75603","1326","560","","","","Hoja de revisión","","",""
"tantre-assets/preview/sheet-ui.png","png","123184","1326","1028","","","","Hoja de revisión","","",""
"tantre-assets/public/brand/cafe/cafe-agua.svg","svg","1202","512","512","0 0 512 512","CAF-05","Botella de agua","Café","Bebida básica","Menú",""
"tantre-assets/public/brand/cafe/cafe-bebida-temporada.svg","svg","2380","512","512","0 0 512 512","CAF-10","Bebida especial de temporada","Café","Asset comodín","Menú seasonal",""
"tantre-assets/public/brand/cafe/cafe-cold-brew.svg","svg","2312","512","512","0 0 512 512","CAF-03","Cold brew / bebida fría","Café","Categoría fría","Menú",""
"tantre-assets/public/brand/cafe/cafe-croissant.svg","svg","2164","512","512","0 0 512 512","CAF-06","Croissant","Café","Snack","Menú",""
"tantre-assets/public/brand/cafe/cafe-espresso.svg","svg","2841","512","512","0 0 512 512","CAF-01","Espresso","Café","Categoría caliente","Menú",""
"tantre-assets/public/brand/cafe/cafe-galleta.svg","svg","2496","512","512","0 0 512 512","CAF-07","Galleta","Café","Snack","Menú",""
"tantre-assets/public/brand/cafe/cafe-latte.svg","svg","2693","512","512","0 0 512 512","CAF-02","Latte en taza","Café","Bebida gourmet","Menú card",""
"tantre-assets/public/brand/cafe/cafe-matcha.svg","svg","2155","512","512","0 0 512 512","CAF-04","Matcha / bebida verde","Café","Sin café/especial","Menú",""
"tantre-assets/public/brand/cafe/cafe-pan.svg","svg","3028","512","512","0 0 512 512","CAF-08","Pan / rebanada","Café","Snack","Menú",""
"tantre-assets/public/brand/cafe/cafe-plato-snack.svg","svg","3242","512","512","0 0 512 512","CAF-09","Plato snack","Café","Categoría food","Menú",""
"tantre-assets/public/brand/ceramics/ceramic-bowl-mask.svg","svg","1006","512","512","0 0 512 512","CER-04M","Bowl · silueta","Cerámica","Máscara","Clips","derivada de CER-04"
"tantre-assets/public/brand/ceramics/ceramic-bowl.svg","svg","2277","512","512","0 0 512 512","CER-04","Bowl","Cerámica","Pieza cóncava","Catálogo","+ mask"
"tantre-assets/public/brand/ceramics/ceramic-candelero-mask.svg","svg","1089","512","512","0 0 512 512","CER-09M","Candelero · silueta","Cerámica","Máscara","Clips","derivada de CER-09"
"tantre-assets/public/brand/ceramics/ceramic-candelero.svg","svg","2217","512","512","0 0 512 512","CER-09","Candelero","Cerámica","Representar piezas hogar","Catálogo","+ mask"
"tantre-assets/public/brand/ceramics/ceramic-charola-oval-mask.svg","svg","1510","512","512","0 0 512 512","CER-10M","Charola · silueta","Cerámica","Máscara","Clips","derivada de CER-10"
"tantre-assets/public/brand/ceramics/ceramic-charola-oval.svg","svg","2134","512","512","0 0 512 512","CER-10","Charola oval","Cerámica","Pieza alargada","Catálogo","+ mask"
"tantre-assets/public/brand/ceramics/ceramic-figura-mask.svg","svg","1169","512","512","0 0 512 512","CER-08M","Figura · silueta","Cerámica","Máscara","Clips","derivada de CER-08"
"tantre-assets/public/brand/ceramics/ceramic-figura.svg","svg","3995","512","512","0 0 512 512","CER-08","Figura animal genérica","Cerámica","Representar figurines sin fijar especie","Categoría figuras","+ mask"
"tantre-assets/public/brand/ceramics/ceramic-florero-mask.svg","svg","998","512","512","0 0 512 512","CER-05M","Florero · silueta","Cerámica","Máscara","Clips","derivada de CER-05"
"tantre-assets/public/brand/ceramics/ceramic-florero.svg","svg","1669","512","512","0 0 512 512","CER-05","Florero","Cerámica","Pieza vertical","Catálogo/destacado","+ mask"
"tantre-assets/public/brand/ceramics/ceramic-maceta-mask.svg","svg","914","512","512","0 0 512 512","CER-06M","Maceta · silueta","Cerámica","Máscara","Clips","derivada de CER-06"
"tantre-assets/public/brand/ceramics/ceramic-maceta.svg","svg","1878","512","512","0 0 512 512","CER-06","Maceta","Cerámica","Pieza utilitaria","Catálogo","+ mask"
"tantre-assets/public/brand/ceramics/ceramic-platito-corazon-mask.svg","svg","1302","512","512","0 0 512 512","CER-07M","Platito corazón · silueta","Cerámica","Máscara","Clips","derivada de CER-07"
"tantre-assets/public/brand/ceramics/ceramic-platito-corazon.svg","svg","1486","512","512","0 0 512 512","CER-07","Platito corazón","Cerámica","Pieza decorativa","Categoría especiales","+ mask"
"tantre-assets/public/brand/ceramics/ceramic-plato-llano-mask.svg","svg","1505","512","512","0 0 512 512","CER-03M","Plato llano · silueta","Cerámica","Máscara","Clips (aro exterior macizo)","derivada de CER-03"
"tantre-assets/public/brand/ceramics/ceramic-plato-llano.svg","svg","2372","512","512","0 0 512 512","CER-03","Plato llano","Cerámica","Canvas circular","Blank canvas / catálogo","+ mask"
"tantre-assets/public/brand/ceramics/ceramic-taza-cappuccino-mask.svg","svg","1227","512","512","0 0 512 512","CER-02M","Taza cappuccino · silueta","Cerámica","Máscara","Clips","derivada de CER-02"
"tantre-assets/public/brand/ceramics/ceramic-taza-cappuccino.svg","svg","2404","512","512","0 0 512 512","CER-02","Taza ancha / cappuccino","Cerámica","Diferenciar forma baja","Catálogo/selector","+ mask"
"tantre-assets/public/brand/ceramics/ceramic-taza-clasica-mask.svg","svg","1225","512","512","0 0 512 512","CER-01M","Taza clásica · silueta","Cerámica","Máscara de recorte","Clips, reveals, fondos de color","derivada de CER-01"
"tantre-assets/public/brand/ceramics/ceramic-taza-clasica.svg","svg","2844","512","512","0 0 512 512","CER-01","Taza clásica","Cerámica","Representar mug estándar","Selector de pieza / icono categoría","+ ceramic-taza-clasica-mask.svg"
"tantre-assets/public/brand/doodles/doodle-circulo-marcador.svg","svg","818","256","256","0 0 256 256","DOD-02","Círculo marcador","Highlights","Encerrar precio/palabra","Highlights",""
"tantre-assets/public/brand/doodles/doodle-corazon.svg","svg","483","256","256","0 0 256 256","DOD-07","Corazón pequeño","Testimonios","Afecto","Testimonios",""
"tantre-assets/public/brand/doodles/doodle-flecha-larga.svg","svg","671","256","256","0 0 256 256","DOD-08","Flecha larga","Hero/QR","Guiar scroll","Hero/QR",""
"tantre-assets/public/brand/doodles/doodle-mini-estrella.svg","svg","665","256","256","0 0 256 256","DOD-06","Mini estrella","Paquetes/community","Decoración","Paquetes/community",""
"tantre-assets/public/brand/doodles/doodle-mini-flor.svg","svg","3441","256","256","0 0 256 256","DOD-05","Mini flor","Galería/community","Decoración","Galería/community",""
"tantre-assets/public/brand/doodles/doodle-spark-3-lineas.svg","svg","547","256","256","0 0 256 256","DOD-04","Spark 3 líneas","Junto a pieza terminada","Énfasis","Junto a pieza terminada",""
"tantre-assets/public/brand/doodles/doodle-spark-4.svg","svg","590","256","256","0 0 256 256","DOD-03","Spark 4 puntas","Momentos especiales","Énfasis mínimo","Momentos especiales",""
"tantre-assets/public/brand/doodles/doodle-subrayado.svg","svg","438","256","256","0 0 256 256","DOD-01","Subrayado irregular","Titulares/anotaciones","Enfatizar 1-4 palabras","Titulares/anotaciones",""
"tantre-assets/public/brand/illustrations/illus-cafe-pausa.svg","svg","3992","800","800","0 0 800 800","ILL-04","Café como pausa","Momento tranquilo","Coffee chapter","Momento tranquilo","acento: Pink"
"tantre-assets/public/brand/illustrations/illus-horno-pieza.svg","svg","6125","800","800","0 0 800 800","ILL-03","Horno y pieza terminada","Conectar proceso técnico con resultado","Transform chapter","Conectar proceso técnico con resultado",""
"tantre-assets/public/brand/illustrations/illus-mejor-juntos.svg","svg","9331","800","800","0 0 800 800","ILL-02","Mejor juntos","Mesa circular con 2-6 lugares modular","Paquetes/comunidad","Mesa circular con 2-6 lugares modular","derivar 2,3,5,6 personas moviendo piezas/sillas"
"tantre-assets/public/brand/illustrations/illus-mesa-creacion.svg","svg","8925","800","800","0 0 800 800","ILL-01","Mesa de creación","Escena sin rostros de la experiencia","Hero alternativo / sección create","Escena sin rostros de la experiencia","acentos: Pink, Lavender, Mint"
"tantre-assets/public/brand/illustrations/illus-recoger-recuerdo.svg","svg","3994","800","800","0 0 800 800","ILL-05","Recoger recuerdo","Pieza terminada envuelta/transportada","Final previo reserva/contacto","Pieza terminada envuelta/transportada",""
"tantre-assets/public/brand/illustrations/illus-visitamos.svg","svg","3353","800","800","0 0 800 800","ILL-06","Visítanos (placeholder)","Fachada abstracta basada en foto real futura","Ubicación","Fachada abstracta basada en foto real futura","acento: Pink"
"tantre-assets/public/brand/lettering/type-elige.svg","svg","3200","710","340","0 0 710 340","TYPE-02","“elige”","Etiqueta corta","Choose chapter","Etiqueta corta",""
"tantre-assets/public/brand/lettering/type-empieza-aqui.svg","svg","6798","1736","340","0 0 1736 340","TYPE-01","“empieza aquí”","Pequeño lettering manuscrito, 2 palabras","Hero annotation","Pequeño lettering manuscrito, 2 palabras",""
"tantre-assets/public/brand/lettering/type-hazlo-tuyo.svg","svg","4623","1460","340","0 0 1460 340","TYPE-04","“hazlo tuyo”","Frase breve","Paint CTA annotation","Frase breve",""
"tantre-assets/public/brand/lettering/type-mejor-juntos.svg","svg","6622","1704","340","0 0 1704 340","TYPE-05","“mejor juntos”","Frase de apoyo","Packages","Frase de apoyo",""
"tantre-assets/public/brand/lettering/type-pinta.svg","svg","2878","768","340","0 0 768 340","TYPE-03","“pinta”","Etiqueta corta","Create chapter","Etiqueta corta",""
"tantre-assets/public/brand/living-line/line-01-garabato.svg","svg","444","320","320","0 0 320 320","LL-01","Garabato inicial","Living Line","Marca el blank y arranque del loader","Loader, transiciones y espacios vacíos",""
"tantre-assets/public/brand/living-line/line-02-punto.svg","svg","768","320","320","0 0 320 320","LL-02","Punto / semilla","Living Line","Origen de navegación y transformación","El garabato condensa en el punto del menú","menu-dot idle/open/focus (states/)"
"tantre-assets/public/brand/living-line/line-03-flecha-curva.svg","svg","807","320","320","0 0 320 320","LL-03","Flecha curva","Living Line","Guía mirada y scroll","Hero, anotaciones, QR gate",""
"tantre-assets/public/brand/living-line/line-04-taza.svg","svg","1565","320","320","0 0 320 320","LL-04","Taza","Living Line","Introduce cerámica/café","Loader/hero/coffee chapter",""
"tantre-assets/public/brand/living-line/line-05-vapor.svg","svg","795","320","320","0 0 320 320","LL-05","Vapor","Living Line","Transición de taza a pincel","Capítulo café",""
"tantre-assets/public/brand/living-line/line-06-pincel.svg","svg","1619","320","320","0 0 320 320","LL-06","Pincel","Living Line","Acto de crear","Choose/Create, mini paint tool",""
"tantre-assets/public/brand/living-line/line-07-pincelada.svg","svg","930","320","320","0 0 320 320","LL-07","Pincelada","Living Line","Introduce color","Paint reveal/masks",""
"tantre-assets/public/brand/living-line/line-08-plato.svg","svg","1637","320","320","0 0 320 320","LL-08","Plato","Living Line","Blank canvas","Transición a selección de piezas",""
"tantre-assets/public/brand/living-line/line-09-flor.svg","svg","3474","320","320","0 0 320 320","LL-09","Flor","Living Line","Creatividad/comunidad","Decoración y testimonial",""
"tantre-assets/public/brand/living-line/line-10-estrella.svg","svg","671","320","320","0 0 320 320","LL-10","Estrella","Living Line","Énfasis / momento especial","Celebraciones y highlights",""
"tantre-assets/public/brand/living-line/line-11-corazon.svg","svg","393","320","320","0 0 320 320","LL-11","Corazón","Living Line","Favorito/afecto","Favoritos, community","ui-favorite-*"
"tantre-assets/public/brand/living-line/line-12-dos-manos.svg","svg","3112","320","320","0 0 320 320","LL-12","Dos manos","Living Line","Convivencia y tactilidad","Comunidad / Mejor juntos",""
"tantre-assets/public/brand/living-line/line-13-camino.svg","svg","576","320","320","0 0 320 320","LL-13","Camino / línea de recorrido","Living Line","Guía hacia reservar","Último capítulo antes de CTA",""
"tantre-assets/public/brand/living-line/line-14-check.svg","svg","292","320","320","0 0 320 320","LL-14","Check","Living Line","Cierre narrativo y confirmación","Reserva confirmada, share/copy success","state-success*"
"tantre-assets/public/brand/logo/brand-favicon-16.png","png","468","16","16","","","","Recurso de proyecto","","",""
"tantre-assets/public/brand/logo/brand-favicon-180.png","png","4475","180","180","","","","Recurso de proyecto","","",""
"tantre-assets/public/brand/logo/brand-favicon-32.png","png","868","32","32","","","","Recurso de proyecto","","",""
"tantre-assets/public/brand/logo/brand-favicon-512.png","png","13781","512","512","","","","Recurso de proyecto","","",""
"tantre-assets/public/brand/logo/brand-favicon.svg","svg","1006","64","64","0 0 64 64","BR-01","Favicon mark","Punto Living Line + gesto de aro de taza","Browser/tab","Punto Living Line + gesto de aro de taza","+ brand-favicon-16/32/180/512.png"
"tantre-assets/public/brand/logo/brand-pwa-icon-512.png","png","21482","512","512","","","","Recurso de proyecto","","",""
"tantre-assets/public/brand/logo/brand-pwa-icon.svg","svg","2012","512","512","0 0 512 512","BR-02","Apple touch / PWA icon","Forma simple sobre Ceramic","Home screen","Forma simple sobre Ceramic",""
"tantre-assets/public/brand/logo/illus-og-template.svg","svg","3395","1200","630","0 0 1200 630","BR-03","OG composition template","1200×630, foto real + doodle","Compartir web","1200×630, foto real + doodle","slot de foto definido (sin foto generada)"
"tantre-assets/public/brand/logo/illus-qr-share-card.svg","svg","4867","1080","1350","0 0 1080 1350","BR-04","QR share card","1080×1350/poster","Compartir catálogo offline","1080×1350/poster","QR real se compone encima de la quiet zone"
"tantre-assets/public/brand/masks/mask-paint-01.svg","svg","1051","1024","1024","0 0 1024 1024","MASK-01","Brochazo horizontal","PAINT / máscara","Reveal foto","Hero","color por CSS (Pink/Lavender/Blue/Mint/Yellow)"
"tantre-assets/public/brand/masks/mask-paint-02.svg","svg","1107","1024","1024","0 0 1024 1024","MASK-02","Brochazo vertical","PAINT / máscara","Reveal mobile","Fotos verticales","color por CSS"
"tantre-assets/public/brand/masks/mask-paint-03.svg","svg","1353","1024","1024","0 0 1024 1024","MASK-03","Mancha redonda","PAINT / máscara","Color interaction","Paint UI","color por CSS"
"tantre-assets/public/brand/masks/mask-paint-04.svg","svg","929","1024","1024","0 0 1024 1024","MASK-04","Pincelada corta","PAINT / máscara","Color on ceramic preview","PaintInteraction","color por CSS"
"tantre-assets/public/brand/masks/mask-paint-05.svg","svg","1176","1024","1024","0 0 1024 1024","MASK-05","Pincel seco","PAINT / máscara","Textura reveal ocasional","Secciones","color por CSS"
"tantre-assets/public/brand/masks/mask-paint-06.svg","svg","766","1024","1024","0 0 1024 1024","MASK-06","Mancha esquina","PAINT / máscara","Background accent","Secciones de color","color por CSS"
"tantre-assets/public/brand/masks/preview/mask-paint-01.png","png","16559","1024","1024","","","","PAINT / máscara","","",""
"tantre-assets/public/brand/masks/preview/mask-paint-02.png","png","20890","1024","1024","","","","PAINT / máscara","","",""
"tantre-assets/public/brand/masks/preview/mask-paint-03.png","png","20633","1024","1024","","","","PAINT / máscara","","",""
"tantre-assets/public/brand/masks/preview/mask-paint-04.png","png","13302","1024","1024","","","","PAINT / máscara","","",""
"tantre-assets/public/brand/masks/preview/mask-paint-05.png","png","16378","1024","1024","","","","PAINT / máscara","","",""
"tantre-assets/public/brand/masks/preview/mask-paint-06.png","png","15835","1024","1024","","","","PAINT / máscara","","",""
"tantre-assets/public/brand/process/proc-01-elegir.svg","svg","3517","800","800","0 0 800 800","PROC-01","Elegir pieza","Cómo funciona","Explicar paso 1","Cómo funciona",""
"tantre-assets/public/brand/process/proc-02-pintar.svg","svg","4168","800","800","0 0 800 800","PROC-02","Pintar","Cómo funciona / hero","Paso creativo","Cómo funciona / hero",""
"tantre-assets/public/brand/process/proc-03-horno.svg","svg","3669","800","800","0 0 800 800","PROC-03","Horno","Proceso post-visita","Explicar quema","Proceso post-visita",""
"tantre-assets/public/brand/process/proc-04-esmaltado.svg","svg","1965","800","800","0 0 800 800","PROC-04","Esmaltado","Proceso","Acabado","Proceso",""
"tantre-assets/public/brand/process/proc-05-esperar.svg","svg","2448","800","800","0 0 800 800","PROC-05","Esperar / tiempo","Proceso","Entrega posterior","Proceso",""
"tantre-assets/public/brand/process/proc-06-recoger.svg","svg","3359","800","800","0 0 800 800","PROC-06","Recoger","Entrega","Cierre del proceso","Entrega",""
"tantre-assets/public/brand/qr-gate/illus-qr-devices.svg","svg","2651","900","700","0 0 900 700","QR-01/02","Dispositivos (combinado)","Desktop gate","Gate desktop","Desktop gate","individuales disponibles"
"tantre-assets/public/brand/qr-gate/illus-qr-frame-dark.svg","svg","2997","640","640","0 0 640 640","QR-04 · dark","Marco QR dark","Desktop gate / share card","Contener QR real","Desktop gate / share card","light (ink sobre Ceramic) / dark (Ceramic sobre Pink o Ink)"
"tantre-assets/public/brand/qr-gate/illus-qr-frame-light.svg","svg","2989","640","640","0 0 640 640","QR-04 · light","Marco QR light","Desktop gate / share card","Contener QR real","Desktop gate / share card","light (ink sobre Ceramic) / dark (Ceramic sobre Pink o Ink)"
"tantre-assets/public/brand/qr-gate/illus-qr-phone.svg","svg","1656","900","700","0 0 900 700","QR-01","Teléfono ilustrado","Desktop gate","Explicar dispositivo objetivo","Desktop gate",""
"tantre-assets/public/brand/qr-gate/illus-qr-scan-gesto.svg","svg","3729","900","700","0 0 900 700","QR-03","Gesto escanear","Desktop gate","Guiar cámara→QR","Desktop gate",""
"tantre-assets/public/brand/qr-gate/illus-qr-tablet.svg","svg","1167","900","700","0 0 900 700","QR-02","Tableta ilustrada","Desktop gate","Segundo dispositivo permitido","Desktop gate",""
"tantre-assets/public/brand/states/state-empty-favoritos.svg","svg","2090","320","320","0 0 320 320","STATE-04","Empty favoritos","/favoritos","Sin guardados","/favoritos",""
"tantre-assets/public/brand/states/state-error-compact.svg","svg","380","24","24","0 0 24 24","STATE-03b","Error compact","Form y toast 24px","Error en form/toast","Form y toast 24px","derivada de STATE-03"
"tantre-assets/public/brand/states/state-error.svg","svg","424","320","320","0 0 320 320","STATE-03","Error amable","Form/network","Error sin alarma","Form/network","+ state-error-compact.svg"
"tantre-assets/public/brand/states/state-loading-loop.svg","svg","954","320","320","0 0 320 320","STATE-01","Loading loop","Reserva/catalog fetch","Sustituir spinner","Reserva/catalog fetch","+ state-loading-static.svg (reduced-motion)"
"tantre-assets/public/brand/states/state-loading-static.svg","svg","967","320","320","0 0 320 320","STATE-01b","Loading estático","prefers-reduced-motion","Reduced-motion fallback","prefers-reduced-motion","derivada de STATE-01"
"tantre-assets/public/brand/states/state-menu-dot-focus.svg","svg","1433","320","320","0 0 320 320","STATE-mdot-focus","Menu dot focus","Botón de menú","Continuidad loader→nav","Botón de menú","idle/open/focus"
"tantre-assets/public/brand/states/state-menu-dot-idle.svg","svg","720","320","320","0 0 320 320","STATE-mdot-idle","Menu dot idle","Botón de menú","Continuidad loader→nav","Botón de menú","idle/open/focus"
"tantre-assets/public/brand/states/state-menu-dot-open.svg","svg","1342","320","320","0 0 320 320","STATE-mdot-open","Menu dot open","Botón de menú","Continuidad loader→nav","Botón de menú","idle/open/focus"
"tantre-assets/public/brand/states/state-offline.svg","svg","2184","320","320","0 0 320 320","STATE-06","Offline / retry","Fallback","Red débil","Fallback",""
"tantre-assets/public/brand/states/state-sin-resultados.svg","svg","1632","320","320","0 0 320 320","STATE-05","Sin resultados","Catálogo","Filtros sin coincidencias","Catálogo",""
"tantre-assets/public/brand/states/state-success-compact.svg","svg","323","24","24","0 0 24 24","STATE-02b","Success compact","Form y toast 24px","Confirmación en form/toast","Form y toast 24px","derivada de STATE-02"
"tantre-assets/public/brand/states/state-success.svg","svg","790","320","320","0 0 320 320","STATE-02","Success","Reserva/copy/favorite","Confirmación","Reserva/copy/favorite","+ state-success-compact.svg"
"tantre-assets/public/brand/ui/ui-back.svg","svg","546","64","64","0 0 64 64","UI-02","Volver","UI","Navegar atrás","Catalog detail / reserva",""
"tantre-assets/public/brand/ui/ui-calendar.svg","svg","1588","64","64","0 0 64 64","UI-10","Calendario","UI","Fecha","Reserva","idle (+ focus ring por CSS)"
"tantre-assets/public/brand/ui/ui-celebrate.svg","svg","2247","64","64","0 0 64 64","UI-13","Celebración","UI","Ocasión especial","Reserva",""
"tantre-assets/public/brand/ui/ui-clock.svg","svg","972","64","64","0 0 64 64","UI-11","Reloj","UI","Horario","Reserva/horarios","idle (+ focus ring por CSS)"
"tantre-assets/public/brand/ui/ui-close.svg","svg","537","64","64","0 0 64 64","UI-01","Cerrar","UI","Cerrar menú/sheet","Nav overlay, ficha catálogo",""
"tantre-assets/public/brand/ui/ui-email.svg","svg","757","64","64","0 0 64 64","UI-16","Email","UI","Contacto","Footer/contact",""
"tantre-assets/public/brand/ui/ui-favorite-disabled.svg","svg","523","64","64","0 0 64 64","UI-05/06 · disabled","Favorito disabled","UI","Guardar item / estado guardado / deshabilitado","Ficha/card, feedback","outline/filled/disabled"
"tantre-assets/public/brand/ui/ui-favorite-filled.svg","svg","420","64","64","0 0 64 64","UI-05/06 · filled","Favorito filled","UI","Guardar item / estado guardado / deshabilitado","Ficha/card, feedback","outline/filled/disabled"
"tantre-assets/public/brand/ui/ui-favorite-outline.svg","svg","507","64","64","0 0 64 64","UI-05/06 · outline","Favorito outline","UI","Guardar item / estado guardado / deshabilitado","Ficha/card, feedback","outline/filled/disabled"
"tantre-assets/public/brand/ui/ui-filter.svg","svg","1931","64","64","0 0 64 64","UI-08","Filtro","UI","Abrir filtros","Catálogo",""
"tantre-assets/public/brand/ui/ui-forward.svg","svg","545","64","64","0 0 64 64","UI-03","Adelante","UI","Navegar siguiente","Carousels puntuales",""
"tantre-assets/public/brand/ui/ui-parking.svg","svg","748","64","64","0 0 64 64","UI-17","Parking","UI","Estacionamientos","Ubicación",""
"tantre-assets/public/brand/ui/ui-people.svg","svg","1748","64","64","0 0 64 64","UI-12","Personas","UI","Party size","Reserva/paquetes","idle (+ focus ring por CSS)"
"tantre-assets/public/brand/ui/ui-phone.svg","svg","439","64","64","0 0 64 64","UI-15","Teléfono","UI","Contacto","Footer/contact",""
"tantre-assets/public/brand/ui/ui-pin.svg","svg","861","64","64","0 0 64 64","UI-14","Ubicación","UI","Dirección","Footer/map",""
"tantre-assets/public/brand/ui/ui-search.svg","svg","853","64","64","0 0 64 64","UI-07","Buscar","UI","Búsqueda admin/pública","FAQ/catalog",""
"tantre-assets/public/brand/ui/ui-share.svg","svg","1900","64","64","0 0 64 64","UI-04","Compartir","UI","Web Share","Ficha item",""
"tantre-assets/public/brand/ui/ui-sort.svg","svg","906","64","64","0 0 64 64","UI-09","Ordenar","UI","Cambiar orden","Catálogo",""
"tantre-assets/public/brand/ui/ui-sound-muted.svg","svg","632","64","64","0 0 64 64","UI-18 · muted","Sonido muted","UI","Toggle sonido opcional","Header/settings","on/muted"
"tantre-assets/public/brand/ui/ui-sound-on.svg","svg","838","64","64","0 0 64 64","UI-18 · on","Sonido on","UI","Toggle sonido opcional","Header/settings","on/muted"
"tantre-assets/references/01-ceramica/candle_tray-1.png","png","1828981","1024","1024","","","","Referencia, no publicar como TANTRE","","",""
"tantre-assets/references/01-ceramica/candle_tray-2.jpg","jpg","63561","1000","1499","","","","Referencia, no publicar como TANTRE","","",""
"tantre-assets/references/01-ceramica/candle_tray-3.jpg","jpg","180163","1125","1500","","","","Referencia, no publicar como TANTRE","","",""
"tantre-assets/references/01-ceramica/candle_tray-4.jpg","jpg","124498","1200","821","","","","Referencia, no publicar como TANTRE","","",""
"tantre-assets/references/01-ceramica/figurine-1.jpg","jpg","62039","1080","1080","","","","Referencia, no publicar como TANTRE","","",""
"tantre-assets/references/01-ceramica/figurine-2.png","png","325208","1000","1250","","","","Referencia, no publicar como TANTRE","","",""
"tantre-assets/references/01-ceramica/figurine-3.jpg","jpg","143138","2000","1600","","","","Referencia, no publicar como TANTRE","","",""
"tantre-assets/references/01-ceramica/figurine-4.jpg","jpg","74317","1280","720","","","","Referencia, no publicar como TANTRE","","",""
"tantre-assets/references/01-ceramica/heart_dish-1.jpg","jpg","365350","1080","1512","","","","Referencia, no publicar como TANTRE","","",""
"tantre-assets/references/01-ceramica/heart_dish-2.jpg","jpg","235165","3000","3000","","","","Referencia, no publicar como TANTRE","","",""
"tantre-assets/references/01-ceramica/heart_dish-3.png","png","229926","1214","1214","","","","Referencia, no publicar como TANTRE","","",""
"tantre-assets/references/01-ceramica/mug-1.jpg","jpg","169180","899","1200","","","","Referencia, no publicar como TANTRE","","",""
"tantre-assets/references/01-ceramica/mug-2.jpg","jpg","880280","1946","2595","","","","Referencia, no publicar como TANTRE","","",""
"tantre-assets/references/01-ceramica/mug-3.jpg","jpg","383734","1448","2172","","","","Referencia, no publicar como TANTRE","","",""
"tantre-assets/references/01-ceramica/mug-4.jpg","jpg","141052","894","894","","","","Referencia, no publicar como TANTRE","","",""
"tantre-assets/references/01-ceramica/plate_bowl-1.jpg","jpg","384262","1667","2500","","","","Referencia, no publicar como TANTRE","","",""
"tantre-assets/references/01-ceramica/plate_bowl-2.jpg","jpg","642578","1536","2048","","","","Referencia, no publicar como TANTRE","","",""
"tantre-assets/references/01-ceramica/plate_bowl-3.jpg","jpg","1337428","5184","3888","","","","Referencia, no publicar como TANTRE","","",""
"tantre-assets/references/01-ceramica/plate_bowl-4.jpg","jpg","144377","1080","1080","","","","Referencia, no publicar como TANTRE","","",""
"tantre-assets/references/01-ceramica/vase_pot-1.jpg","jpg","762347","3000","3000","","","","Referencia, no publicar como TANTRE","","",""
"tantre-assets/references/01-ceramica/vase_pot-2.jpg","jpg","180290","1400","933","","","","Referencia, no publicar como TANTRE","","",""
"tantre-assets/references/01-ceramica/vase_pot-3.jpg","jpg","965290","3000","3000","","","","Referencia, no publicar como TANTRE","","",""
"tantre-assets/references/01-ceramica/vase_pot-4.jpg","jpg","281631","1600","900","","","","Referencia, no publicar como TANTRE","","",""
"tantre-assets/references/02-herramientas/brush-1.jpg","jpg","244967","2000","2000","","","","Referencia, no publicar como TANTRE","","",""
"tantre-assets/references/02-herramientas/brush-2.jpg","jpg","834332","2160","2160","","","","Referencia, no publicar como TANTRE","","",""
"tantre-assets/references/02-herramientas/brush-3.png","png","700748","1280","1280","","","","Referencia, no publicar como TANTRE","","",""
"tantre-assets/references/02-herramientas/brush-4.jpg","jpg","45949","1024","1024","","","","Referencia, no publicar como TANTRE","","",""
"tantre-assets/references/03-proceso/kiln-1.png","png","559066","768","1024","","","","Referencia, no publicar como TANTRE","","",""
"tantre-assets/references/03-proceso/kiln-2.png","png","1760903","1200","896","","","","Referencia, no publicar como TANTRE","","",""
"tantre-assets/references/03-proceso/kiln-3.jpg","jpg","333034","1920","1080","","","","Referencia, no publicar como TANTRE","","",""
"tantre-assets/references/03-proceso/kiln-4.jpg","jpg","9375272","4000","2834","","","","Referencia, no publicar como TANTRE","","",""
"tantre-assets/references/03-proceso/kiln2-1.jpg","jpg","196113","1440","960","","","","Referencia, no publicar como TANTRE","","",""
"tantre-assets/references/03-proceso/kiln2-2.jpg","jpg","1576024","2500","3333","","","","Referencia, no publicar como TANTRE","","",""
"tantre-assets/references/03-proceso/kiln2-3.jpg","jpg","312678","1920","1080","","","","Referencia, no publicar como TANTRE","","",""
"tantre-assets/references/03-proceso/kiln2-4.jpg","jpg","315623","980","1307","","","","Referencia, no publicar como TANTRE","","",""
"tantre-assets/references/03-proceso/painting_hands-1.jpg","jpg","89877","1300","867","","","","Referencia, no publicar como TANTRE","","",""
"tantre-assets/references/03-proceso/painting_hands-2.jpg","jpg","728850","3000","4000","","","","Referencia, no publicar como TANTRE","","",""
"tantre-assets/references/03-proceso/painting_hands-3.jpg","jpg","133816","1280","720","","","","Referencia, no publicar como TANTRE","","",""
"tantre-assets/references/03-proceso/painting_hands-4.jpg","jpg","133873","768","1152","","","","Referencia, no publicar como TANTRE","","",""
"tantre-assets/references/04-cafe-snacks/coffee-1.jpg","jpg","206389","1200","872","","","","Referencia, no publicar como TANTRE","","",""
"tantre-assets/references/04-cafe-snacks/coffee-2.jpg","jpg","686374","3024","4032","","","","Referencia, no publicar como TANTRE","","",""
"tantre-assets/references/04-cafe-snacks/coffee-3.jpg","jpg","147938","1000","1400","","","","Referencia, no publicar como TANTRE","","",""
"tantre-assets/references/04-cafe-snacks/coffee-4.png","png","3257052","1920","960","","","","Referencia, no publicar como TANTRE","","",""
"tantre-assets/references/04-cafe-snacks/coldbrew-1.png","png","166984","1774","887","","","","Referencia, no publicar como TANTRE","","",""
"tantre-assets/references/04-cafe-snacks/coldbrew-2.jpg","jpg","41879","1200","1693","","","","Referencia, no publicar como TANTRE","","",""
"tantre-assets/references/04-cafe-snacks/coldbrew-3.png","png","1513520","1024","1024","","","","Referencia, no publicar como TANTRE","","",""
"tantre-assets/references/04-cafe-snacks/coldbrew-4.jpg","jpg","181346","1200","1800","","","","Referencia, no publicar como TANTRE","","",""
"tantre-assets/references/04-cafe-snacks/snacks-1.jpg","jpg","320258","1200","1076","","","","Referencia, no publicar como TANTRE","","",""
"tantre-assets/references/04-cafe-snacks/snacks-2.jpg","jpg","482351","1620","1215","","","","Referencia, no publicar como TANTRE","","",""
"tantre-assets/references/04-cafe-snacks/snacks-3.jpg","jpg","66706","1200","659","","","","Referencia, no publicar como TANTRE","","",""
"tantre-assets/references/04-cafe-snacks/snacks-4.jpg","jpg","517547","2500","1875","","","","Referencia, no publicar como TANTRE","","",""
"tantre-assets/references/05-editorial-comunidad/table-1.jpg","jpg","1137245","2500","3750","","","","Referencia, no publicar como TANTRE","","",""
"tantre-assets/references/05-editorial-comunidad/table-2.jpg","jpg","181249","1071","803","","","","Referencia, no publicar como TANTRE","","",""
"tantre-assets/references/05-editorial-comunidad/table-3.jpg","jpg","735417","2500","1674","","","","Referencia, no publicar como TANTRE","","",""
"tantre-assets/references/05-editorial-comunidad/table-4.jpg","jpg","223927","1440","960","","","","Referencia, no publicar como TANTRE","","",""
"tantre-assets/references/06-lettering/lettering-1.jpg","jpg","418451","1500","1125","","","","Referencia, no publicar como TANTRE","","",""
"tantre-assets/references/06-lettering/lettering-2.jpg","jpg","419329","2503","2560","","","","Referencia, no publicar como TANTRE","","",""
"tantre-assets/references/06-lettering/lettering-3.jpg","jpg","156879","1376","768","","","","Referencia, no publicar como TANTRE","","",""
"tantre-assets/references/06-lettering/lettering-4.jpg","jpg","197104","1500","1125","","","","Referencia, no publicar como TANTRE","","",""
"tantre-assets/references/NOTAS-REFERENCIAS.md","md","3595","","","","","","Referencia, no publicar como TANTRE","","",""
"tantre-assets/references/manifest-referencias.json","json","19038","","","","","","Referencia, no publicar como TANTRE","","",""
"tantre-assets/specs.json","json","76108","","","","","","Recurso de proyecto","","",""